{
  "accuracy": 0.9180474697716077,
  "macro_precision": 0.8423184643515756,
  "macro_recall": 0.9420694433550344,
  "macro_f1": 0.8598432560158886,
  "weighted_precision": 0.9508770796796834,
  "weighted_recall": 0.9180474697716077,
  "weighted_f1": 0.9267653274629568,
  "macro_auc": 0.9927622344351843,
  "micro_auc": 0.9878888889111723,
  "weighted_auc": 0.9852784005965679
}