{
  "per_class": {
    "class_0": 0.46376811594202894,
    "class_1": 0.673076923076923,
    "class_2": 0.6458333333333334,
    "class_3": 0.37681159420289856
  },
  "micro_auc": 0.5592447916666665,
  "macro_auc": 0.5648247340672613,
  "weighted_auc": 0.5240732998885173
}