{
  "class_0": {
    "precision": 0.28125,
    "recall": 1.0,
    "f1-score": 0.43902439024390244,
    "support": 9.0
  },
  "class_1": {
    "precision": 0.0,
    "recall": 0.0,
    "f1-score": 0.0,
    "support": 6.0
  },
  "class_2": {
    "precision": 0.0,
    "recall": 0.0,
    "f1-score": 0.0,
    "support": 8.0
  },
  "class_3": {
    "precision": 0.0,
    "recall": 0.0,
    "f1-score": 0.0,
    "support": 9.0
  },
  "accuracy": 0.28125,
  "macro avg": {
    "precision": 0.0703125,
    "recall": 0.25,
    "f1-score": 0.10975609756097561,
    "support": 32.0
  },
  "weighted avg": {
    "precision": 0.0791015625,
    "recall": 0.28125,
    "f1-score": 0.12347560975609756,
    "support": 32.0
  }
}