epoch,loss,val_loss,accuracy,val_accuracy
1,1.4187248945236206,1.3810064792633057,0.2265625,0.28125
2,1.4138373136520386,1.409209966659546,0.2109375,0.3125
3,1.3855823278427124,1.3749566078186035,0.3046875,0.28125
4,1.3806782960891724,1.3788444995880127,0.3046875,0.28125
5,1.3899953365325928,1.387413501739502,0.3046875,0.28125
6,1.3806489706039429,1.3794775009155273,0.3046875,0.28125
