{
  "per_class": {
    "class_0": 0.4607170099160946,
    "class_1": 0.4270923209663503,
    "class_2": 0.41587575496117346,
    "class_3": 0.3304572907679033
  },
  "micro_auc": 0.48614583333333333,
  "macro_auc": 0.4176063165002577,
  "weighted_auc": 0.4111446649410412
}