{
  "accuracy": 0.2375,
  "macro_precision": 0.059375,
  "macro_recall": 0.25,
  "macro_f1": 0.09595959595959595,
  "weighted_precision": 0.056406250000000005,
  "weighted_recall": 0.2375,
  "weighted_f1": 0.09116161616161615,
  "macro_auc": 0.4176063165002577,
  "micro_auc": 0.48614583333333333,
  "weighted_auc": 0.4111446649410412
}