epoch,loss,val_loss,accuracy,val_accuracy
1,1.4285192489624023,1.3957834243774414,0.22499999403953552,0.23749999701976776
