{
  "per_class": {
    "class_0": 0.47457627118644063,
    "class_1": 0.450363196125908,
    "class_2": 0.4632768361581921,
    "class_3": 0.44724556489262374
  },
  "micro_auc": 0.5119791666666667,
  "macro_auc": 0.4687781892417985,
  "weighted_auc": 0.45944646220069946
}