epoch,loss,val_loss,accuracy,val_accuracy
1,1.4479494094848633,1.3893176317214966,0.17499999701976776,0.26249998807907104
