{
  "folds": [
    {
      "accuracy": 0.2625,
      "macro_precision": 0.065625,
      "macro_recall": 0.25,
      "macro_f1": 0.10396039603960396,
      "weighted_precision": 0.06890625,
      "weighted_recall": 0.2625,
      "weighted_f1": 0.10915841584158414,
      "macro_auc": 0.49771227030846354,
      "micro_auc": 0.5066666666666667,
      "weighted_auc": 0.49076555950428286,
      "fold": 1,
      "train_samples": 80,
      "val_samples": 80
    },
    {
      "accuracy": 0.2625,
      "macro_precision": 0.065625,
      "macro_recall": 0.25,
      "macro_f1": 0.10396039603960396,
      "weighted_precision": 0.06890625,
      "weighted_recall": 0.2625,
      "weighted_f1": 0.10915841584158414,
      "macro_auc": 0.4687781892417985,
      "micro_auc": 0.5119791666666667,
      "weighted_auc": 0.45944646220069946,
      "fold": 2,
      "train_samples": 80,
      "val_samples": 80
    }
  ],
  "aggregate": {
    "accuracy": {
      "mean": 0.2625,
      "std": 0.0
    },
    "macro_precision": {
      "mean": 0.065625,
      "std": 0.0
    },
    "macro_recall": {
      "mean": 0.25,
      "std": 0.0
    },
    "macro_f1": {
      "mean": 0.10396039603960396,
      "std": 0.0
    },
    "weighted_precision": {
      "mean": 0.06890625,
      "std": 0.0
    },
    "weighted_recall": {
      "mean": 0.2625,
      "std": 0.0
    },
    "weighted_f1": {
      "mean": 0.10915841584158414,
      "std": 0.0
    },
    "macro_auc": {
      "mean": 0.483245229775131,
      "std": 0.014467040533332531
    },
    "micro_auc": {
      "mean": 0.5093229166666666,
      "std": 0.002656249999999971
    },
    "weighted_auc": {
      "mean": 0.47510601085249116,
      "std": 0.0156595486517917
    }
  }
}