epoch,loss,val_loss,accuracy,val_accuracy
1,1.4273476600646973,1.3895792961120605,0.234375,0.21875
