{
  "per_class": {
    "class_0": 0.6272727272727272,
    "class_1": 0.5128205128205128,
    "class_2": 0.7291666666666666,
    "class_3": 0.43229166666666663
  },
  "micro_auc": 0.5823567708333334,
  "macro_auc": 0.5949819711538462,
  "weighted_auc": 0.5825411567599067
}