epoch,loss,val_loss,accuracy,val_accuracy
1,1.4162101745605469,1.3745324611663818,0.2421875,0.34375
2,1.3792061805725098,1.3722318410873413,0.265625,0.34375
3,1.390363335609436,1.370037317276001,0.3046875,0.3125
4,1.3727985620498657,1.3740708827972412,0.296875,0.21875
5,1.3763947486877441,1.3792381286621094,0.328125,0.28125
6,1.3744486570358276,1.377230167388916,0.3203125,0.28125
