{
  "validation_mode": "holdout-kfold",
  "split_unit_requested": "clip",
  "split_unit_effective": "clip",
  "balance_mode": "none",
  "augment_mode": "none",
  "augment_factor": 0.0,
  "loss_function": "categorical_crossentropy",
  "focal_alpha_mode": "fixed",
  "focal_alpha_cap": 4.0,
  "focal_gamma": 2.0,
  "focal_alpha": 0.25,
  "num_folds": 5,
  "test_size": 0.2,
  "total_samples": 200,
  "class_distribution": {
    "class_0": 59,
    "class_1": 40,
    "class_2": 48,
    "class_3": 53
  },
  "cv_aggregate": {
    "accuracy": {
      "mean": 0.2875,
      "std": 0.023385358667337135
    },
    "macro_precision": {
      "mean": 0.07232862903225806,
      "std": 0.005795275141856778
    },
    "macro_recall": {
      "mean": 0.24500000000000002,
      "std": 0.009999999999999997
    },
    "macro_f1": {
      "mean": 0.11152148664343786,
      "std": 0.0071030020361872725
    },
    "weighted_precision": {
      "mean": 0.08552797379032258,
      "std": 0.013362589352153275
    },
    "weighted_recall": {
      "mean": 0.2875,
      "std": 0.023385358667337135
    },
    "weighted_f1": {
      "mean": 0.13165795586527293,
      "std": 0.01837492711046099
    },
    "macro_auc": {
      "mean": 0.6036709697005892,
      "std": 0.024347745908810076
    },
    "micro_auc": {
      "mean": 0.5736328125,
      "std": 0.02481604822403169
    },
    "weighted_auc": {
      "mean": 0.5801201701378331,
      "std": 0.03026546577455221
    }
  },
  "final_balance": {
    "mode": "none",
    "augment_mode": "none",
    "augmented_samples": 0
  },
  "split_info": {
    "dev_samples": 160,
    "holdout_samples": 40,
    "group_overlap_dev_holdout": 0
  },
  "holdout_metrics": {
    "accuracy": 0.3,
    "macro_precision": 0.1471861471861472,
    "macro_recall": 0.2727272727272727,
    "macro_f1": 0.16919191919191917,
    "weighted_precision": 0.1619047619047619,
    "weighted_recall": 0.3,
    "weighted_f1": 0.18611111111111112,
    "macro_auc": 0.434221015380094,
    "micro_auc": 0.5066666666666667,
    "weighted_auc": 0.43292205459770117
  },
  "model_output": "models/lstm_sample_flow.h5"
}