epoch,loss,val_loss,accuracy,val_accuracy
1,1.4078724384307861,1.3938724994659424,0.234375,0.1875
2,1.3973407745361328,1.390270709991455,0.265625,0.21875
3,1.3786237239837646,1.395158290863037,0.328125,0.28125
4,1.3800294399261475,1.3985905647277832,0.3046875,0.28125
5,1.3806207180023193,1.391520619392395,0.3046875,0.28125
