{
  "per_class": {
    "class_0": 0.4108151735270379,
    "class_1": 0.5616911130284727,
    "class_2": 0.503584229390681,
    "class_3": 0.3463949843260188
  },
  "micro_auc": 0.5022916666666666,
  "macro_auc": 0.46445944139962286,
  "weighted_auc": 0.4498056946976681
}