{
  "class_0": {
    "precision": 0.2625,
    "recall": 1.0,
    "f1-score": 0.4158415841584158,
    "support": 21.0
  },
  "class_1": {
    "precision": 0.0,
    "recall": 0.0,
    "f1-score": 0.0,
    "support": 19.0
  },
  "class_2": {
    "precision": 0.0,
    "recall": 0.0,
    "f1-score": 0.0,
    "support": 18.0
  },
  "class_3": {
    "precision": 0.0,
    "recall": 0.0,
    "f1-score": 0.0,
    "support": 22.0
  },
  "accuracy": 0.2625,
  "macro avg": {
    "precision": 0.065625,
    "recall": 0.25,
    "f1-score": 0.10396039603960396,
    "support": 80.0
  },
  "weighted avg": {
    "precision": 0.06890625,
    "recall": 0.2625,
    "f1-score": 0.10915841584158414,
    "support": 80.0
  }
}