epoch,loss,val_loss,accuracy,val_accuracy
1,1.428444504737854,1.3928247690200806,0.22499999403953552,0.26249998807907104
