{
  "per_class": {
    "class_0": 0.4091666666666667,
    "class_1": 0.5286521388216303,
    "class_2": 0.5480225988700564,
    "class_3": 0.47043010752688175
  },
  "micro_auc": 0.5066666666666667,
  "macro_auc": 0.49771227030846354,
  "weighted_auc": 0.49076555950428286
}