{
  "accuracy": 0.2625,
  "macro_precision": 0.065625,
  "macro_recall": 0.25,
  "macro_f1": 0.10396039603960396,
  "weighted_precision": 0.06890625,
  "weighted_recall": 0.2625,
  "weighted_f1": 0.10915841584158414,
  "macro_auc": 0.49771227030846354,
  "micro_auc": 0.5066666666666667,
  "weighted_auc": 0.49076555950428286
}