epoch,loss,val_loss,accuracy,val_accuracy
1,1.4537385702133179,1.3900187015533447,0.20000000298023224,0.26249998807907104
