{
  "per_class": {
    "class_0": 0.6038647342995169,
    "class_1": 0.6285714285714286,
    "class_2": 0.5,
    "class_3": 0.5989583333333333
  },
  "micro_auc": 0.5361328125,
  "macro_auc": 0.5990837430986887,
  "weighted_auc": 0.5820765398550725
}