epoch,loss,val_loss,accuracy,val_accuracy
1,1.4091112613677979,1.3839683532714844,0.265625,0.25
2,1.3898365497589111,1.3860111236572266,0.2734375,0.28125
3,1.3862618207931519,1.3903553485870361,0.3046875,0.28125
4,1.3785483837127686,1.3846855163574219,0.21875,0.3125
