{
  "per_class": {
    "class_0": 0.5681818181818181,
    "class_1": 0.48571428571428565,
    "class_2": 0.6171428571428571,
    "class_3": 0.7760416666666666
  },
  "micro_auc": 0.580078125,
  "macro_auc": 0.6299738906926405,
  "weighted_auc": 0.6128172348484848
}