{
  "class_0": {
    "precision": 0.3125,
    "recall": 1.0,
    "f1-score": 0.47619047619047616,
    "support": 10.0
  },
  "class_1": {
    "precision": 0.0,
    "recall": 0.0,
    "f1-score": 0.0,
    "support": 7.0
  },
  "class_2": {
    "precision": 0.0,
    "recall": 0.0,
    "f1-score": 0.0,
    "support": 7.0
  },
  "class_3": {
    "precision": 0.0,
    "recall": 0.0,
    "f1-score": 0.0,
    "support": 8.0
  },
  "accuracy": 0.3125,
  "macro avg": {
    "precision": 0.078125,
    "recall": 0.25,
    "f1-score": 0.11904761904761904,
    "support": 32.0
  },
  "weighted avg": {
    "precision": 0.09765625,
    "recall": 0.3125,
    "f1-score": 0.1488095238095238,
    "support": 32.0
  }
}