epoch,loss,val_loss,accuracy,val_accuracy
1,1.4284288883209229,1.3789440393447876,0.25,0.3125
2,1.390554428100586,1.3821344375610352,0.296875,0.25
3,1.3831820487976074,1.3903141021728516,0.265625,0.21875
4,1.380033254623413,1.3762143850326538,0.234375,0.3125
5,1.371138334274292,1.3748104572296143,0.296875,0.3125
6,1.3728928565979004,1.3755667209625244,0.296875,0.3125
7,1.3697161674499512,1.3752785921096802,0.296875,0.3125
8,1.372025728225708,1.3778868913650513,0.296875,0.3125
