{
  "validation_mode": "holdout-kfold",
  "split_unit_requested": "clip",
  "split_unit_effective": "clip",
  "num_folds": 2,
  "test_size": 0.2,
  "total_samples": 200,
  "class_distribution": {
    "class_0": 56,
    "class_1": 47,
    "class_2": 47,
    "class_3": 50
  },
  "cv_aggregate": {
    "accuracy": {
      "mean": 0.25,
      "std": 0.012500000000000011
    },
    "macro_precision": {
      "mean": 0.0625,
      "std": 0.0031250000000000028
    },
    "macro_recall": {
      "mean": 0.25,
      "std": 0.0
    },
    "macro_f1": {
      "mean": 0.09995999599959995,
      "std": 0.004000400040004001
    },
    "weighted_precision": {
      "mean": 0.06265625,
      "std": 0.006249999999999999
    },
    "weighted_recall": {
      "mean": 0.25,
      "std": 0.012500000000000011
    },
    "weighted_f1": {
      "mean": 0.10016001600160016,
      "std": 0.008998399839983996
    },
    "macro_auc": {
      "mean": 0.44103287894994025,
      "std": 0.02342656244968258
    },
    "micro_auc": {
      "mean": 0.49421874999999993,
      "std": 0.008072916666666624
    },
    "weighted_auc": {
      "mean": 0.4304751798193547,
      "std": 0.01933051487831347
    }
  },
  "split_info": {
    "dev_samples": 160,
    "holdout_samples": 40,
    "group_overlap_dev_holdout": 0
  },
  "holdout_metrics": {
    "accuracy": 0.3,
    "macro_precision": 0.075,
    "macro_recall": 0.25,
    "macro_f1": 0.11538461538461539,
    "weighted_precision": 0.09,
    "weighted_recall": 0.3,
    "weighted_f1": 0.13846153846153847,
    "macro_auc": 0.33339413722478234,
    "micro_auc": 0.4789583333333334,
    "weighted_auc": 0.3143433179723502
  },
  "model_output": "models\\tmp_model2_1714197252.h5"
}