epoch,loss,val_loss,accuracy,val_accuracy
1,1.4245209693908691,1.365212082862854,0.19685038924217224,0.3333333432674408
