{
  "per_class": {
    "class_0": 0.540909090909091,
    "class_1": 0.6153846153846154,
    "class_2": 0.7428571428571429,
    "class_3": 0.5410628019323671
  },
  "micro_auc": 0.6103515625,
  "macro_auc": 0.6294905094905094,
  "weighted_auc": 0.5990926193371846
}