epoch,loss,val_loss,accuracy,val_accuracy
1,1.4192986488342285,1.3647339344024658,0.203125,0.28125
2,1.391196370124817,1.3742915391921997,0.2578125,0.3125
3,1.3837196826934814,1.3748667240142822,0.296875,0.3125
4,1.3764050006866455,1.3699432611465454,0.3046875,0.3125
